{
    "Pictures": [
        {
            "gamma": 1,
            "gammaBlue": 1,
            "gammaGreen": 1,
            "gammaRed": 1,
            "path": "D:/Programming/myprojects/2022/Cpp/QtMainWindow/QtMainWindow/images/92b7f406-fac6-4249-b1f1-c08534b69c81_Hist.jpg",
            "positionX": 21.999999999999943,
            "positionY": -578.9999999999999,
            "rotation": 0,
            "scale": 1.0749542399999998
        },
        {
            "gamma": 1,
            "gammaBlue": 1,
            "gammaGreen": 1,
            "gammaRed": 1,
            "path": "D:/Programming/myprojects/2022/Cpp/QtMainWindow/QtMainWindow/images/92b7f406-fac6-4249-b1f1-c08534b69c81_Hist.jpg",
            "positionX": -315.2440917333331,
            "positionY": 1244.4429429333313,
            "rotation": -20,
            "scale": 1.0749542399999998
        },
        {
            "gamma": 1,
            "gammaBlue": 1,
            "gammaGreen": 1,
            "gammaRed": 1,
            "path": "D:/Programming/myprojects/2022/Cpp/QtMainWindow/QtMainWindow/images/92b7f406-fac6-4249-b1f1-c08534b69c81_Sobel.jpg",
            "positionX": 146.69260728888872,
            "positionY": -111.99822684444442,
            "rotation": -20,
            "scale": 1.0749542399999998
        },
        {
            "gamma": 1,
            "gammaBlue": 1,
            "gammaGreen": 1,
            "gammaRed": 1,
            "path": "D:/Programming/myprojects/2022/Cpp/QtMainWindow/QtMainWindow/images/92b7f406-fac6-4249-b1f1-c08534b69c81.jpg",
            "positionX": -1109.5432170666666,
            "positionY": -579.3697983999999,
            "rotation": 0,
            "scale": 1.0749542399999998
        }
    ],
    "Rects": [
    ],
    "Texts": [
        {
            "fontName": "Arial",
            "fontSize": 20,
            "positionX": -698.4423423999996,
            "positionY": 865.275818666667,
            "rotation": 0,
            "scale": 1,
            "text": "Enderndorf"
        }
    ]
}
